symboling,normalizedlosses,wheelbase,length,width,height,curbweight,enginesize,bore,stroke,compressionratio,horsepower,peakrpm,citympg,highwaympg,fueltype_gas,aspiration_turbo,numofdoors_two,bodystyle_hardtop,bodystyle_hatchback,bodystyle_sedan,bodystyle_wagon,drivewheels_fwd,drivewheels_rwd,enginelocation_rear,enginetype_dohcv,enginetype_ohc,enginetype_ohcf,enginetype_ohcv,enginetype_rotor,numofcylinders_five,numofcylinders_four,numofcylinders_six,numofcylinders_three,numofcylinders_twelve,numofcylinders_two,fuelsystem_2bbl,fuelsystem_4bbl,fuelsystem_idi,fuelsystem_mfi,fuelsystem_mpfi,fuelsystem_spdi,fuelsystem_spfi,price
1.7434704321932961,-0.548521094639111,-1.7230053538019863,-0.42652146835701304,-0.8586945309694979,-2.0204173044647122,-0.014566282137926123,0.1601961518061398,0.5368326681884803,-2.1116705578980213,-0.04943268250807724,0.24038735504471395,-0.2560107722612448,-0.6493211079179606,-0.5521425377901082,1,0,1,0,0,0,0,0,1,0,0,0,0,0,0,0,1,0,0,0,0,0,0,0,0,1,0,0,13495
1.7434704321932961,-0.548521094639111,-1.7230053538019863,-0.42652146835701304,-0.8586945309694979,-2.0204173044647122,-0.014566282137926123,0.1601961518061398,0.5368326681884803,-2.1116705578980213,-0.04943268250807724,0.24038735504471395,-0.2560107722612448,-0.6493211079179606,-0.5521425377901082,1,0,1,0,0,0,0,0,1,0,0,0,0,0,0,0,1,0,0,0,0,0,0,0,0,1,0,0,16500
0.13350899705984703,-0.548521094639111,-0.717589854864101,-0.23151304680543727,-0.18497848288790333,-0.5435274761218468,0.5148819161377617,0.8093288064743263,-2.327748900612967,0.7446315121895499,-0.04943268250807724,1.4335261696388328,-0.2560107722612448,-0.9581629341898447,-0.7021613850359296,1,0,1,0,1,0,0,0,1,0,0,0,0,1,0,0,0,1,0,0,0,0,0,0,0,1,0,0,16500
0.9384897146265716,1.5111803254138758,0.18558000011399806,0.2072559016856128,0.15187954115289395,0.23594215550355344,-0.4207974451785447,-0.45943047310440177,-0.47846206505760314,0.49154145534634647,1.2141209227482743,-0.009339373591264412,0.7957368893330452,-0.18605836851013471,-0.10208599605264418,1,0,0,0,0,1,0,1,0,0,0,1,0,0,0,0,1,0,0,0,0,0,0,0,0,1,0,0,13950
0.9384897146265716,1.5111803254138758,0.11741623747414294,0.2072559016856128,0.248124690878837,0.23594215550355344,0.5168071823133096,0.33723233035200884,-0.47846206505760314,0.49154145534634647,-1.312986287764429,0.3513770122162599,0.7957368893330452,-1.1125838473257865,-1.3022367740192151,1,0,0,0,0,1,0,0,0,0,0,1,0,0,0,1,0,0,0,0,0,0,0,0,0,1,0,0,17450
0.9384897146265716,-0.548521094639111,0.18558000011399806,0.26413335797149096,0.20000211601586207,-0.2563544539440664,-0.0935021953353923,0.33723233035200884,-0.47846206505760314,0.49154145534634647,-0.6812094851362531,0.21263994075182746,0.7957368893330452,-0.9581629341898447,-0.852180232281751,1,0,1,0,0,1,0,1,0,0,0,1,0,0,0,1,0,0,0,0,0,0,0,0,0,1,0,0,15250
0.13350899705984703,1.3180833172839082,1.2080364397118466,1.5154373962607788,2.5098857094384748,0.8102881998591143,0.5553125058242687,0.33723233035200884,-0.47846206505760314,0.49154145534634647,-0.6812094851362531,0.21263994075182746,0.7957368893330452,-0.9581629341898447,-0.852180232281751,1,0,0,0,0,1,0,1,0,0,0,1,0,0,0,1,0,0,0,0,0,0,0,0,0,1,0,0,17710
0.13350899705984703,-0.548521094639111,1.2080364397118466,1.5154373962607788,2.5098857094384748,0.8102881998591143,0.7670917851345438,0.33723233035200884,-0.47846206505760314,0.49154145534634647,-0.6812094851362531,0.21263994075182746,0.7957368893330452,-0.9581629341898447,-0.852180232281751,1,0,0,0,0,0,1,1,0,0,0,1,0,0,0,1,0,0,0,0,0,0,0,0,0,1,0,0,18920
0.13350899705984703,1.3180833172839082,1.2080364397118466,1.5154373962607788,2.5098857094384748,0.8923376347670494,1.021226920306874,0.18970218156378466,-0.6960252221817639,0.49154145534634647,-0.9339202061875225,1.045062369538422,0.7957368893330452,-1.2670047604617285,-1.6022744685108579,1,1,0,0,0,1,0,1,0,0,0,1,0,0,0,1,0,0,0,0,0,0,0,0,0,1,0,0,23875
-0.6714717205068775,-0.548521094639111,0.1344571781341061,0.3372615160533307,0.9699633138233997,-0.7076263459377201,0.9576931365137914,0.18970218156378466,-0.6960252221817639,0.49154145534634647,-2.0711184509182416,1.6000106553961517,0.7957368893330452,-1.4214256735976705,-1.3022367740192151,1,1,1,0,1,0,0,0,0,0,0,1,0,0,0,1,0,0,0,0,0,0,0,0,0,1,0,0,10295
0.9384897146265716,2.4122996966870573,0.424153169353497,0.22350660348157897,-0.5218365069287006,0.23594215550355344,-0.3091320069967633,-0.4889365028620466,0.6456142467505599,-1.677801889023961,-0.30214340355934666,-0.037086787884150894,1.4267854862896192,-0.3404792816460767,-0.25210484329846555,1,0,1,0,0,1,0,0,1,0,0,1,0,0,0,0,1,0,0,0,0,0,0,0,0,1,0,0,16430
-0.6714717205068775,2.4122996966870573,0.424153169353497,0.22350660348157897,-0.5218365069287006,0.23594215550355344,-0.3091320069967633,-0.4889365028620466,0.6456142467505599,-1.677801889023961,-0.30214340355934666,-0.037086787884150894,1.4267854862896192,-0.3404792816460767,-0.25210484329846555,1,0,0,0,0,1,0,0,1,0,0,1,0,0,0,0,1,0,0,0,0,0,0,0,0,1,0,0,16925
-0.6714717205068775,2.283568357933746,0.424153169353497,0.22350660348157897,-0.5218365069287006,0.23594215550355344,0.29732683830084267,1.1634011635660642,-0.043335750809281634,-0.2677287151832609,-0.04943268250807724,0.5178614979735788,-1.83363226465268,-0.6493211079179606,-0.4021236905442869,1,0,1,0,0,1,0,0,1,0,0,1,0,0,0,0,0,1,0,0,0,0,0,0,0,1,0,0,20970
-0.6714717205068775,2.283568357933746,0.424153169353497,0.22350660348157897,-0.5218365069287006,0.23594215550355344,0.4032164779559802,1.1634011635660642,-0.043335750809281634,-0.2677287151832609,-0.04943268250807724,0.5178614979735788,-1.83363226465268,-0.6493211079179606,-0.4021236905442869,1,0,0,0,0,1,0,0,1,0,0,1,0,0,0,0,0,1,0,0,0,0,0,0,0,1,0,0,21105
0.13350899705984703,-0.548521094639111,0.8160948045326718,1.214799413035431,0.4887375651936912,0.8102881998591143,0.9615436688648873,1.1634011635660642,-0.043335750809281634,-0.2677287151832609,-0.04943268250807724,0.5178614979735788,-1.83363226465268,-0.8037420210539027,-0.852180232281751,1,0,0,0,0,1,0,0,1,0,0,1,0,0,0,0,0,1,0,0,0,0,0,0,0,1,0,0,24565
-0.6714717205068775,-0.548521094639111,0.8160948045326718,1.214799413035431,0.4887375651936912,0.8102881998591143,1.2984652495857796,2.432160443144792,1.0807405609988814,0.4553857329401754,-1.312986287764429,2.2104537698396545,0.5853873570141872,-1.4214256735976705,-1.3022367740192151,1,0,0,0,0,1,0,0,1,0,0,1,0,0,0,0,0,1,0,0,0,0,0,0,0,1,0,0,30760
-0.6714717205068775,-0.548521094639111,0.8160948045326718,1.604816256138587,0.9699633138233997,-0.010206149220255032,1.587255175917973,2.432160443144792,1.0807405609988814,0.4553857329401754,-1.312986287764429,2.2104537698396545,0.5853873570141872,-1.4214256735976705,-1.3022367740192151,1,0,1,0,0,1,0,0,1,0,0,1,0,0,0,0,0,1,0,0,0,0,0,0,0,1,0,0,41315
-0.6714717205068775,-0.548521094639111,1.923755947430341,1.864827484874023,2.4136405597125252,1.0564365045829227,1.8279134478614674,2.432160443144792,1.0807405609988814,0.4553857329401754,-1.312986287764429,2.2104537698396545,0.5853873570141872,-1.5758465867336124,-1.6022744685108579,1,0,0,0,0,1,0,0,1,0,0,1,0,0,0,0,0,1,0,0,0,0,0,0,0,1,0,0,36880
0.9384897146265716,0.12731843381577523,-1.7570872351219127,-2.6772436670981348,-2.6873523757623885,-0.21532973649009735,-2.055348428218759,-1.875719901471354,-1.493756798303685,-0.84622027368201,0.5823441201200986,-1.5076997454071346,-0.045661239942386814,3.28841217704856,2.5232438307492298,1,0,1,0,1,0,0,1,0,0,0,1,0,0,0,0,0,0,1,0,0,1,0,0,0,0,0,0,5151
0.13350899705984703,-0.6128867640157669,-0.717589854864101,-1.4746917341967432,-1.0993074052843488,-0.7076263459377201,-1.3121956844572482,-1.0200450384996536,-1.058630484055365,-0.5569744944326355,0.7086994806457333,-0.897256630963632,0.5853873570141872,1.975834415393053,1.8481590181430336,1,0,1,0,1,0,0,1,0,0,0,1,0,0,0,0,1,0,0,0,0,1,0,0,0,0,0,0,6295
-0.6714717205068775,-1.1599949537173415,-0.717589854864101,-1.239056558155253,-1.0993074052843488,-0.7076263459377201,-1.2448113683130697,-1.0200450384996536,-1.058630484055365,-0.5569744944326355,0.7086994806457333,-0.897256630963632,0.5853873570141872,1.975834415393053,1.8481590181430336,1,0,0,0,0,1,0,1,0,0,0,1,0,0,0,0,1,0,0,0,0,1,0,0,0,0,0,0,6575
0.13350899705984703,0.030769929750791486,-0.8539173801438137,-1.360936821624989,-1.003062255558409,-1.1999229553853428,-1.3083451521061522,-1.0200450384996536,-1.2761936411795243,-0.12310582555857366,0.4686242956470271,-0.9527514595494049,0.7957368893330452,1.821413502257111,1.5481213236513909,1,0,1,0,1,0,0,1,0,0,0,1,0,0,0,0,1,0,0,0,0,1,0,0,0,0,0,0,5572
0.13350899705984703,0.030769929750791486,-0.8539173801438137,-1.360936821624989,-1.003062255558409,-1.1999229553853428,-1.3083451521061522,-1.0200450384996536,-1.2761936411795243,-0.12310582555857366,0.4559887595944639,-0.9527514595494049,0.7957368893330452,0.8948880234414591,1.0980647819139266,1,0,1,0,1,0,0,1,0,0,0,1,0,0,0,0,1,0,0,0,0,1,0,0,0,0,0,0,6377
0.13350899705984703,0.030769929750791486,-0.8539173801438137,-1.360936821624989,-1.003062255558409,-1.1999229553853428,-0.8231780758680675,-0.783996800438495,-1.058630484055365,0.4553857329401754,-1.81840772986697,-0.009339373591264412,0.7957368893330452,-0.18605836851013471,-0.10208599605264418,1,1,1,0,1,0,0,1,0,0,0,1,0,0,0,0,1,0,0,0,0,0,0,0,0,1,0,0,7957
0.13350899705984703,0.996254970400629,-0.8539173801438137,-1.360936821624989,-1.003062255558409,-1.281972390293278,-1.1331459301312883,-1.0200450384996536,-1.2761936411795243,-0.12310582555857366,0.4559887595944639,-0.9527514595494049,0.7957368893330452,0.8948880234414591,1.0980647819139266,1,0,0,0,1,0,0,1,0,0,0,1,0,0,0,0,1,0,0,0,0,1,0,0,0,0,0,0,6229
0.13350899705984703,0.996254970400629,-0.8539173801438137,-1.360936821624989,-1.003062255558409,-1.281972390293278,-1.0907900742692331,-1.0200450384996536,-1.2761936411795243,-0.12310582555857366,0.4559887595944639,-0.9527514595494049,0.7957368893330452,0.8948880234414591,1.0980647819139266,1,0,0,0,0,1,0,1,0,0,0,1,0,0,0,0,1,0,0,0,0,1,0,0,0,0,0,0,6692
0.13350899705984703,0.996254970400629,-0.8539173801438137,-1.360936821624989,-1.003062255558409,-1.281972390293278,-1.0907900742692331,-1.0200450384996536,-1.2761936411795243,-0.12310582555857366,0.4559887595944639,-0.9527514595494049,0.7957368893330452,0.8948880234414591,1.0980647819139266,1,0,0,0,0,1,0,1,0,0,0,1,0,0,0,0,1,0,0,0,0,1,0,0,0,0,0,0,7609
0.13350899705984703,0.996254970400629,-0.8539173801438137,-1.360936821624989,-1.003062255558409,-1.281972390293278,-0.7018863068085462,-0.783996800438495,-1.058630484055365,0.4553857329401754,-1.81840772986697,-0.009339373591264412,0.7957368893330452,-0.18605836851013471,-0.10208599605264418,1,1,0,0,0,1,0,1,0,0,0,1,0,0,0,0,1,0,0,0,0,0,0,0,0,1,0,0,8558
-1.476452438073602,-0.22669274775583187,0.7820129232127431,0.04474888372596479,-0.6180816566546437,2.492301615471819,-0.039594742420049546,-0.07585208625501888,0.06544582775279793,0.7084757897833773,-0.6812094851362531,-0.39780317369167517,-0.2560107722612448,-0.18605836851013471,-0.10208599605264418,1,0,0,0,0,0,1,1,0,0,0,1,0,0,0,0,1,0,0,0,0,1,0,0,0,0,0,0,8921
1.7434704321932961,0.8997064663356453,-0.47901668562460203,-0.06900602884578928,0.20000211601586207,-1.4460712601091512,0.49177872203118617,0.9273529255049056,1.0082195086241612,2.1547046860302483,-2.0711184509182416,1.1837994410028545,-0.2560107722612448,-0.9581629341898447,-1.0021990795275724,1,1,1,0,1,0,0,1,0,0,0,1,0,0,0,0,1,0,0,0,0,0,0,0,1,0,0,0,12964
0.9384897146265716,0.642243788829022,-2.063824167001269,-2.3928563856687552,-0.9549396806954376,-1.1999229553853428,-1.622163538720469,-0.9610329789843639,-1.493756798303685,0.5276971777525191,0.7086994806457333,-1.2302256024782696,-0.6767098368989608,3.28841217704856,2.5232438307492298,1,0,1,0,1,0,0,1,0,0,0,1,0,0,0,0,1,0,0,0,0,0,0,0,0,0,0,0,6479
0.9384897146265716,0.642243788829022,-2.063824167001269,-2.3928563856687552,-0.9549396806954376,-1.1999229553853428,-1.4180853241123856,-0.9610329789843639,-1.493756798303685,0.5276971777525191,0.2032780385431922,-0.7307721452063131,1.8474845509273352,0.8948880234414591,1.0980647819139266,1,0,1,0,1,0,0,1,0,0,0,1,0,0,0,0,1,0,0,0,0,0,0,0,0,0,0,0,6855
0.13350899705984703,-0.5163382599507831,-0.8539173801438137,-1.9540874371777053,-0.906817105832466,-0.46147804121390873,-1.3834305329525225,-1.3446113658337469,-1.493756798303685,-0.7015973840573227,1.3404762832739092,-1.1747307738924968,0.7957368893330452,1.975834415393053,1.6981401708972121,1,0,1,0,1,0,0,1,0,0,0,1,0,0,0,0,1,0,0,0,0,0,0,0,0,0,0,0,5399
0.13350899705984703,-0.5163382599507831,-0.8539173801438137,-1.9540874371777053,-0.906817105832466,-0.46147804121390873,-1.185128116871083,-0.9610329789843639,-1.493756798303685,0.5276971777525191,0.2032780385431922,-0.7307721452063131,1.8474845509273352,0.7404671103055172,0.49798939293064126,1,0,1,0,1,0,0,1,0,0,0,1,0,0,0,0,1,0,0,0,0,0,0,0,0,0,0,0,6529
0.13350899705984703,-0.5163382599507831,-0.8539173801438137,-1.9540874371777053,-0.906817105832466,-0.46147804121390873,-1.1543238580623159,-0.9610329789843639,-1.493756798303685,0.5276971777525191,0.2032780385431922,-0.7307721452063131,1.8474845509273352,0.7404671103055172,0.49798939293064126,1,0,1,0,1,0,0,1,0,0,0,1,0,0,0,0,1,0,0,0,0,0,0,0,0,0,0,0,7129
-0.6714717205068775,-0.22669274775583187,-0.3767710416648182,-0.8652904168480631,-0.906817105832466,0.3179915904114915,-1.0503594845827262,-0.9610329789843639,-1.493756798303685,0.5276971777525191,0.2032780385431922,-0.7307721452063131,1.8474845509273352,0.7404671103055172,0.49798939293064126,1,0,0,0,0,1,0,1,0,0,0,1,0,0,0,0,1,0,0,0,0,0,0,0,0,0,0,0,7295
-0.6714717205068775,-1.2565434577823253,-0.3767710416648182,-1.3771875234209552,-0.9549396806954376,1.876930853662292,-1.0234057581250549,-0.9610329789843639,-1.4574962721163256,0.5276971777525191,0.2032780385431922,-0.7307721452063131,1.8474845509273352,0.7404671103055172,0.49798939293064126,1,0,0,0,0,0,1,1,0,0,0,1,0,0,0,0,1,0,0,0,0,0,0,0,0,0,0,0,7295
-0.6714717205068775,-0.35542408650914353,-0.3767710416648182,-0.5321510300307851,-0.3293462074768145,-0.17430501903613121,-0.6152493289088883,-0.4299244433467569,-0.6235041698070436,1.1423444586574392,-0.04943268250807724,-0.45329800227744815,1.4267854862896192,0.27720437089769123,0.3479705456848199,1,0,1,0,1,0,0,1,0,0,0,1,0,0,0,0,1,0,0,0,0,0,0,0,0,0,0,0,7895
-0.6714717205068775,-0.35542408650914353,-0.3767710416648182,-0.5321510300307851,-0.3293462074768145,-0.17430501903613121,-0.5132102216048466,-0.4299244433467569,-0.6235041698070436,1.1423444586574392,-0.04943268250807724,-0.45329800227744815,1.4267854862896192,0.27720437089769123,0.3479705456848199,1,0,1,0,1,0,0,1,0,0,0,1,0,0,0,0,1,0,0,0,0,0,0,0,0,0,0,0,9095
-0.6714717205068775,-1.0312636149640297,-0.3767710416648182,0.10975169090982491,-0.3293462074768145,0.15389272059561823,-0.4843312289716273,-0.4299244433467569,-0.6235041698070436,1.1423444586574392,-0.04943268250807724,-0.45329800227744815,1.4267854862896192,0.27720437089769123,0.3479705456848199,1,0,0,0,0,1,0,1,0,0,0,1,0,0,0,0,1,0,0,0,0,0,0,0,0,0,0,0,8845
-0.6714717205068775,-1.0312636149640297,-0.3767710416648182,0.10975169090982491,-1.6286557287770287,0.15389272059561823,-0.3534131290343663,-0.4299244433467569,-0.6235041698070436,1.1423444586574392,-0.04943268250807724,-0.45329800227744815,1.4267854862896192,0.27720437089769123,0.3479705456848199,1,0,0,0,0,1,0,1,0,0,0,1,0,0,0,0,1,0,0,0,0,0,0,0,0,0,0,0,10295
-0.6714717205068775,-1.0312636149640297,-0.3767710416648182,0.10975169090982491,-0.3293462074768145,0.15389272059561823,-0.17436337470840643,-0.4299244433467569,-0.6235041698070436,1.1423444586574392,-0.04943268250807724,-0.037086787884150894,1.4267854862896192,-0.18605836851013471,-0.4021236905442869,1,0,0,0,0,1,0,1,0,0,0,1,0,0,0,0,1,0,0,0,0,0,0,0,0,1,0,0,12945
0.13350899705984703,-0.32324125182081564,-0.3767710416648182,-0.4021454156630672,0.05563439142695089,-1.1178735204774048,-0.5055091569026547,-0.4299244433467569,-0.6235041698070436,1.1423444586574392,0.07692267801755748,-0.06483420217703738,0.7957368893330452,-0.03163745537419274,0.04793285119317718,1,0,1,0,0,1,0,1,0,0,0,1,0,0,0,0,1,0,0,0,0,1,0,0,0,0,0,0,10345
-0.6714717205068775,-0.548521094639111,-0.7516717361840297,-0.27213980129534926,-1.965513752817826,-0.09225558412819312,-0.4207974451785447,-0.40041841358911207,-0.043335750809281634,-0.12310582555857366,-0.6812094851362531,-0.67527731662054,-0.6767098368989608,-0.18605836851013471,-0.25210484329846555,1,0,0,0,0,1,0,0,1,0,0,1,0,0,0,0,1,0,0,0,0,1,0,0,0,0,0,0,6785
0.13350899705984703,-0.548521094639111,-0.717589854864101,-1.4746917341967432,-1.0993074052843488,-0.7076263459377201,-1.3121956844572482,-1.0200450384996536,-1.058630484055365,-0.5569744944326355,0.7086994806457333,-0.897256630963632,0.5853873570141872,1.975834415393053,1.8481590181430336,1,0,1,0,0,1,0,1,0,0,0,1,0,0,0,0,1,0,0,0,0,1,0,0,0,0,0,0,10295
-0.6714717205068775,-0.548521094639111,-0.717589854864101,-1.4746917341967432,-1.0993074052843488,-0.7076263459377201,-1.2448113683130697,-1.0200450384996536,-1.058630484055365,-0.5569744944326355,0.7086994806457333,-0.897256630963632,0.5853873570141872,1.975834415393053,1.8481590181430336,1,0,0,0,0,1,0,1,0,0,0,1,0,0,0,0,1,0,0,0,0,1,0,0,0,0,0,0,10295
0.9384897146265716,-0.548521094639111,-0.46197574496463883,-0.11775813423368321,-0.3293462074768145,-0.9537746506615314,0.3435332265139936,-0.16437017552795338,0.39179056343903984,-0.12310582555857366,0.2032780385431922,-0.34230834510590225,-0.2560107722612448,-0.18605836851013471,-0.25210484329846555,1,0,1,0,1,0,0,0,1,0,0,1,0,0,0,0,1,0,0,0,0,0,0,0,0,0,0,1,11048
-0.6714717205068775,0.8997064663356453,2.434984167229265,2.0760866082215648,1.7880470864938987,-0.3794286063059735,2.9079877723438705,2.432160443144792,1.1170010871862408,2.1547046860302483,-1.1866309272387943,2.0439692840823356,-0.7818846030583899,-1.5758465867336124,-1.7522933157566791,1,0,0,0,0,1,0,0,1,0,0,0,0,0,0,0,0,1,0,0,0,0,0,0,0,1,0,0,32250
-0.6714717205068775,-0.548521094639111,2.434984167229265,2.0760866082215648,1.7880470864938987,-0.3794286063059735,2.9079877723438705,2.432160443144792,1.1170010871862408,2.1547046860302483,-1.1866309272387943,2.0439692840823356,-0.7818846030583899,-1.5758465867336124,-1.7522933157566791,1,0,0,0,0,1,0,0,1,0,0,0,0,0,0,0,0,1,0,0,0,0,0,0,0,1,0,0,35550
-0.6714717205068775,-0.548521094639111,0.5604806946332097,1.4341838872809547,2.269272835123607,-2.4306644790043967,2.6846568959803077,2.432160443144792,0.7906563515000004,-1.8224247786486483,1.972253085902085,2.2936960127183137,-0.2560107722612448,-1.8846884130054964,-2.052331010248322,1,0,1,0,0,1,0,0,1,0,0,0,0,1,0,0,0,0,0,1,0,0,0,0,0,1,0,0,36000
0.13350899705984703,-0.41978975588579936,-0.9561630241036,-1.2146805054613072,-0.810571956106523,0.15389272059561823,-1.2813914256484809,-0.9905390087420088,-1.058630484055365,-0.4123516048079482,-0.04943268250807724,-0.9527514595494049,-0.2560107722612448,0.7404671103055172,0.04793285119317718,1,0,1,0,1,0,0,1,0,0,0,1,0,0,0,0,1,0,0,0,0,1,0,0,0,0,0,0,5195
0.13350899705984703,-0.41978975588579936,-0.9561630241036,-1.2146805054613072,-0.810571956106523,0.15389272059561823,-1.2621387638930013,-0.9905390087420088,-1.058630484055365,-0.4123516048079482,-0.04943268250807724,-0.9527514595494049,-0.2560107722612448,0.8948880234414591,1.0980647819139266,1,0,1,0,1,0,0,1,0,0,0,1,0,0,0,0,1,0,0,0,0,1,0,0,0,0,0,0,6095
0.13350899705984703,-0.41978975588579936,-0.9561630241036,-1.2146805054613072,-0.810571956106523,0.15389272059561823,-1.2525124330152615,-0.9905390087420088,-1.058630484055365,-0.4123516048079482,-0.04943268250807724,-0.9527514595494049,-0.2560107722612448,0.8948880234414591,1.0980647819139266,1,0,1,0,1,0,0,1,0,0,0,1,0,0,0,0,1,0,0,0,0,1,0,0,0,0,0,0,6795
0.13350899705984703,-0.13014424369084812,-0.9561630241036,-0.589028486316661,-0.810571956106523,0.15389272059561823,-1.1755017859933432,-0.9905390087420088,-1.058630484055365,-0.4123516048079482,-0.04943268250807724,-0.9527514595494049,-0.2560107722612448,0.8948880234414591,1.0980647819139266,1,0,0,0,0,1,0,1,0,0,0,1,0,0,0,0,1,0,0,0,0,1,0,0,0,0,0,0,6695
0.13350899705984703,-0.13014424369084812,-0.9561630241036,-0.589028486316661,-0.810571956106523,0.15389272059561823,-1.1658754551156034,-0.9905390087420088,-0.8773278531185636,-0.4123516048079482,-0.04943268250807724,-0.9527514595494049,-0.2560107722612448,0.8948880234414591,1.0980647819139266,1,0,0,0,0,1,0,1,0,0,0,1,0,0,0,0,1,0,0,0,0,1,0,0,0,0,0,0,7395
1.7434704321932961,1.0606206397772848,-0.5812623295843884,-0.41027076656104916,-0.08873333316196028,-1.6922195648329628,-0.33801099962998266,-1.6101656336525503,-1.4212357459289646,0.3830742881278318,0.4559887595944639,-0.037086787884150894,1.8474845509273352,-1.2670047604617285,-1.1522179267733936,1,0,1,0,1,0,0,0,1,0,0,0,0,0,1,0,0,0,0,0,1,0,1,0,0,0,0,0,10945
1.7434704321932961,1.0606206397772848,-0.5812623295843884,-0.41027076656104916,-0.08873333316196028,-1.6922195648329628,-0.33801099962998266,-1.6101656336525503,-1.4212357459289646,0.3830742881278318,0.4559887595944639,-0.037086787884150894,1.8474845509273352,-1.2670047604617285,-1.1522179267733936,1,0,1,0,1,0,0,0,1,0,0,0,0,0,1,0,0,0,0,0,1,0,1,0,0,0,0,0,11845
1.7434704321932961,1.0606206397772848,-0.5812623295843884,-0.41027076656104916,-0.08873333316196028,-1.6922195648329628,-0.32838466875224287,-1.6101656336525503,-1.4212357459289646,0.3830742881278318,0.4559887595944639,-0.037086787884150894,1.8474845509273352,-1.2670047604617285,-1.1522179267733936,1,0,1,0,1,0,0,0,1,0,0,0,0,0,1,0,0,0,0,0,1,0,1,0,0,0,0,0,13645
1.7434704321932961,1.0606206397772848,-0.5812623295843884,-0.41027076656104916,-0.08873333316196028,-1.6922195648329628,-0.10697905856422799,-1.315105336076102,-1.4212357459289646,0.3830742881278318,0.4559887595944639,0.9063252980739895,1.8474845509273352,-1.4214256735976705,-1.1522179267733936,1,0,1,0,1,0,0,0,1,0,0,0,0,0,1,0,0,0,0,0,1,0,0,0,0,1,0,0,15645
0.13350899705984703,0.3847811113223986,0.015170593514356632,0.304760112461403,0.2962472657418051,-0.010206149220255032,-0.32838466875224287,-0.07585208625501888,0.24674845868959935,0.4553857329401754,-0.5548541246106183,-0.5087928308632211,-0.6767098368989608,0.12278345776174923,0.19795169843899854,1,0,1,0,1,0,0,1,0,0,0,1,0,0,0,0,1,0,0,0,0,1,0,0,0,0,0,0,8845
-0.6714717205068775,-0.06577857431419228,0.015170593514356632,0.304760112461403,0.2962472657418051,0.7282387649511761,-0.280253014363544,-0.07585208625501888,0.24674845868959935,0.4553857329401754,-0.5548541246106183,-0.5087928308632211,-0.6767098368989608,0.12278345776174923,0.19795169843899854,1,0,0,0,0,1,0,1,0,0,0,1,0,0,0,0,1,0,0,0,0,1,0,0,0,0,0,0,8495
0.13350899705984703,0.3847811113223986,0.015170593514356632,0.304760112461403,0.2962472657418051,-0.010206149220255032,-0.32838466875224287,-0.07585208625501888,0.24674845868959935,0.4553857329401754,-0.5548541246106183,-0.5087928308632211,-0.6767098368989608,0.12278345776174923,0.19795169843899854,1,0,1,0,1,0,0,1,0,0,0,1,0,0,0,0,1,0,0,0,0,1,0,0,0,0,0,0,10595
-0.6714717205068775,-0.06577857431419228,0.015170593514356632,0.304760112461403,0.2962472657418051,0.7282387649511761,-0.280253014363544,-0.07585208625501888,0.24674845868959935,0.4553857329401754,-0.5548541246106183,-0.5087928308632211,-0.6767098368989608,0.12278345776174923,0.19795169843899854,1,0,0,0,0,1,0,1,0,0,0,1,0,0,0,0,1,0,0,0,0,1,0,0,0,0,0,0,10245
-0.6714717205068775,-0.548521094639111,0.015170593514356632,0.304760112461403,0.2962472657418051,0.7282387649511761,-0.21671923057046144,-0.07585208625501888,0.24674845868959935,0.4553857329401754,1.972253085902085,-1.0637411167209507,-0.9922341353772479,1.666992589121169,1.6981401708972121,0,0,0,0,0,1,0,1,0,0,0,1,0,0,0,0,1,0,0,0,0,0,0,1,0,0,0,0,10795
-0.6714717205068775,-0.06577857431419228,0.015170593514356632,0.304760112461403,0.2962472657418051,0.7282387649511761,-0.25137402173032464,-0.07585208625501888,0.24674845868959935,0.4553857329401754,-0.5548541246106183,-0.5087928308632211,-0.6767098368989608,0.12278345776174923,0.19795169843899854,1,0,0,0,1,0,0,1,0,0,0,1,0,0,0,0,1,0,0,0,0,1,0,0,0,0,0,0,11245
-0.6714717205068775,0.030769929750791486,1.0546679737721707,0.07725028731789485,0.103756966289919,0.2769668729575225,0.22031619127892443,0.4552564493825882,1.5883879276219215,-0.3761958824017756,-1.312986287764429,0.4901140836806923,-0.2560107722612448,-0.9581629341898447,-0.5521425377901082,1,0,0,0,0,1,0,0,1,0,0,1,0,0,0,0,1,0,0,0,0,0,0,0,0,1,0,0,18280
-0.6714717205068775,-0.548521094639111,1.0546679737721707,0.07725028731789485,0.103756966289919,0.2769668729575225,0.2780741765453631,0.2782202708367192,0.39179056343903984,1.35927879309447,1.972253085902085,-0.8417618023778589,-1.938807030812109,0.8948880234414591,1.2480836291597481,0,0,0,0,0,1,0,0,1,0,0,1,0,0,0,0,1,0,0,0,0,0,0,1,0,0,0,0,18344
-1.476452438073602,-0.7738009374574065,1.923755947430341,1.369181080097097,2.1249051105346957,1.1384859394908609,1.847166109616947,1.724015728961316,0.9356984562494409,1.35927879309447,1.972253085902085,0.5733563265593518,-1.623282732333822,-0.4949001947820187,-0.852180232281751,0,1,0,0,0,1,0,0,1,0,0,1,0,0,0,1,0,0,0,0,0,0,0,1,0,0,0,0,25552
-1.476452438073602,-0.7738009374574065,1.923755947430341,1.369181080097097,2.1249051105346957,2.041029723478168,2.299603660870716,1.724015728961316,0.9356984562494409,1.35927879309447,1.972253085902085,0.5733563265593518,-1.623282732333822,-0.4949001947820187,-0.852180232281751,0,1,0,0,0,0,1,0,1,0,0,1,0,0,0,1,0,0,0,0,0,0,0,1,0,0,0,0,28248
-0.6714717205068775,-0.7738009374574065,1.3614049056515247,1.092919149565695,2.1249051105346957,0.4820904602273648,1.8086607861059878,1.724015728961316,0.9356984562494409,1.35927879309447,1.972253085902085,0.5733563265593518,-1.623282732333822,-0.4949001947820187,-0.852180232281751,0,1,1,1,0,0,0,0,1,0,0,1,0,0,0,1,0,0,0,0,0,0,0,1,0,0,0,0,28176
-1.476452438073602,-0.7738009374574065,2.647995925478817,2.319847135161037,2.5098857094384748,1.0564365045829227,2.3381089843816754,1.724015728961316,0.9356984562494409,1.35927879309447,1.972253085902085,0.5733563265593518,-1.623282732333822,-0.4949001947820187,-0.852180232281751,0,1,0,0,0,1,0,0,1,0,0,1,0,0,0,1,0,0,0,0,0,0,0,1,0,0,0,0,31600
-1.476452438073602,-0.548521094639111,2.647995925478817,2.319847135161037,2.5098857094384748,1.1384859394908609,2.2803509991152366,2.432160443144792,0.5005721420011194,-0.5931302168388065,-0.9339202061875225,1.4612735839317192,-0.7818846030583899,-1.4214256735976705,-1.9023121630025006,1,0,0,0,0,1,0,0,1,0,0,0,0,1,0,0,0,0,0,0,0,0,0,0,0,1,0,0,34184
1.7434704321932961,0.8031579622706615,-0.359730101004855,0.507893884910963,2.221150260260639,-1.1999229553853428,2.1744613594600994,2.432160443144792,0.5005721420011194,-0.5931302168388065,-0.9339202061875225,1.4612735839317192,-0.7818846030583899,-1.4214256735976705,-1.9023121630025006,1,0,1,0,0,0,0,0,1,0,0,0,0,1,0,0,0,0,0,0,0,0,0,0,0,1,0,0,35056
-0.6714717205068775,-0.548521094639111,2.647995925478817,2.766741434550069,2.5098857094384748,1.220535374398799,2.58839358720291,2.432160443144792,1.733430032371362,0.31076284331548815,-1.312986287764429,2.2659485984254273,-1.3077584338555348,-1.7302674998695544,-2.202349857494143,1,0,0,0,0,1,0,0,1,0,0,0,0,1,0,0,0,0,0,0,0,0,0,0,0,1,0,0,40960
0.13350899705984703,-0.548521094639111,2.264574760629624,2.0435852046296348,2.5098857094384748,0.6872140474972072,2.2322193447265377,2.432160443144792,1.733430032371362,0.31076284331548815,-1.312986287764429,2.2659485984254273,-1.3077584338555348,-1.7302674998695544,-2.202349857494143,1,0,1,1,0,0,0,0,1,0,0,0,0,1,0,0,0,0,0,0,0,0,0,0,0,1,0,0,45400
0.13350899705984703,-0.548521094639111,0.6797672792529591,0.35351221784929693,1.0180858886863677,0.4410657427733958,0.6823800734104337,0.4552564493825882,1.6609089799966417,-0.5208187720264629,-1.312986287764429,2.016221869789449,-0.2560107722612448,-0.9581629341898447,-1.0021990795275724,1,1,1,0,1,0,0,0,1,0,0,1,0,0,0,0,1,0,0,0,0,0,0,0,0,1,0,0,16503
0.9384897146265716,1.414631821348892,-0.8539173801438137,-1.360936821624989,-0.7143268063805799,-1.1999229553853428,-1.2274839727331381,-0.9610329789843639,-1.2761936411795243,-0.12310582555857366,0.4559887595944639,-0.9527514595494049,0.7957368893330452,1.821413502257111,1.5481213236513909,1,0,1,0,1,0,0,1,0,0,0,1,0,0,0,0,1,0,0,0,0,1,0,0,0,0,0,0,5389
0.9384897146265716,1.414631821348892,-0.8539173801438137,-1.360936821624989,-0.7143268063805799,-1.1999229553853428,-1.1774270521688912,-0.9610329789843639,-1.2761936411795243,-0.12310582555857366,0.4559887595944639,-0.9527514595494049,0.7957368893330452,0.8948880234414591,1.0980647819139266,1,0,1,0,1,0,0,1,0,0,0,1,0,0,0,0,1,0,0,0,0,1,0,0,0,0,0,0,6189
0.9384897146265716,1.414631821348892,-0.8539173801438137,-1.360936821624989,-0.7143268063805799,-1.1999229553853428,-1.061911081636014,-0.9610329789843639,-1.2761936411795243,-0.12310582555857366,0.4559887595944639,-0.9527514595494049,0.7957368893330452,0.8948880234414591,1.0980647819139266,1,0,1,0,1,0,0,1,0,0,0,1,0,0,0,0,1,0,0,0,0,1,0,0,0,0,0,0,6669
0.13350899705984703,1.414631821348892,-0.9732039647635631,-1.360936821624989,-1.003062255558409,-1.1999229553853428,-0.7904485508837522,-0.783996800438495,-1.058630484055365,0.4553857329401754,-1.81840772986697,-0.009339373591264412,0.7957368893330452,-0.18605836851013471,-0.10208599605264418,1,1,1,0,1,0,0,1,0,0,0,1,0,0,0,0,1,0,0,0,0,0,0,0,0,0,1,0,7689
1.7434704321932961,1.1571691438422687,-0.4108529229847469,-0.08525673064175315,-0.23310105775087145,-1.7742689997409007,-0.3572636613854622,-0.4299244433467569,-0.5509831174323233,0.7084757897833773,-1.9447630903926048,0.37912442650914635,0.7957368893330452,-0.3404792816460767,-0.10208599605264418,1,1,1,0,1,0,0,1,0,0,0,1,0,0,0,0,1,0,0,0,0,0,0,0,0,0,1,0,9959
1.7434704321932961,1.1571691438422687,-0.4108529229847469,-0.08525673064175315,-0.23310105775087145,-1.7742689997409007,-0.43812484075847635,-0.07585208625501888,0.10170635394015885,0.7084757897833773,-0.6812094851362531,-0.39780317369167517,-0.2560107722612448,-0.03163745537419274,0.19795169843899854,1,0,1,0,1,0,0,1,0,0,0,1,0,0,0,0,1,0,0,0,0,1,0,0,0,0,0,0,8499
1.7434704321932961,-0.548521094639111,-0.47901668562460203,-0.06900602884578928,0.20000211601586207,-1.4460712601091512,0.5341345778932411,0.9273529255049056,0.9356984562494409,2.1547046860302483,-2.0711184509182416,1.1837994410028545,-0.2560107722612448,-0.9581629341898447,-1.0021990795275724,1,1,1,0,1,0,0,1,0,0,0,1,0,0,0,0,1,0,0,0,0,0,0,0,0,0,1,0,12629
1.7434704321932961,-0.548521094639111,-0.47901668562460203,-0.06900602884578928,0.20000211601586207,-1.4460712601091512,0.7035580013414613,0.9273529255049056,0.9719589824368002,2.1547046860302483,-2.0711184509182416,1.1837994410028545,-0.2560107722612448,-0.9581629341898447,-1.0021990795275724,1,1,1,0,1,0,0,1,0,0,0,1,0,0,0,0,1,0,0,0,0,0,0,0,0,0,1,0,14869
1.7434704321932961,-0.548521094639111,-0.47901668562460203,-0.06900602884578928,0.20000211601586207,-1.4460712601091512,0.7131843322192011,0.9273529255049056,0.9719589824368002,2.1547046860302483,-2.0711184509182416,1.1837994410028545,-0.2560107722612448,-0.9581629341898447,-1.0021990795275724,1,1,1,0,1,0,0,1,0,0,0,1,0,0,0,0,1,0,0,0,0,0,0,0,0,0,1,0,14489
0.13350899705984703,0.2560497725690869,-0.4108529229847469,-0.13400883602964708,-0.23310105775087145,-0.8717252157535934,-0.36688999226320196,-0.07585208625501888,0.10170635394015885,0.7084757897833773,-0.6812094851362531,-0.39780317369167517,-0.2560107722612448,-0.03163745537419274,0.19795169843899854,1,0,0,0,0,1,0,1,0,0,0,1,0,0,0,0,1,0,0,0,0,1,0,0,0,0,0,0,6989
0.13350899705984703,0.2560497725690869,-0.4108529229847469,-0.13400883602964708,-0.23310105775087145,-0.8717252157535934,-0.2898793452412838,-0.07585208625501888,0.10170635394015885,0.7084757897833773,-0.6812094851362531,-0.39780317369167517,-0.2560107722612448,-0.03163745537419274,0.19795169843899854,1,0,0,0,0,1,0,1,0,0,0,1,0,0,0,0,1,0,0,0,0,1,0,0,0,0,0,0,8189
0.13350899705984703,0.2560497725690869,-0.4108529229847469,-0.13400883602964708,-0.23310105775087145,-0.8717252157535934,-0.2937298775923797,-0.4299244433467569,-0.5509831174323233,0.7084757897833773,-1.9447630903926048,0.37912442650914635,0.7957368893330452,-0.3404792816460767,-0.10208599605264418,1,1,0,0,0,1,0,1,0,0,0,1,0,0,0,0,1,0,0,0,0,0,0,0,0,0,1,0,9279
-1.476452438073602,0.642243788829022,-0.4108529229847469,-0.13400883602964708,-0.23310105775087145,-0.8717252157535934,-0.2937298775923797,-0.4299244433467569,-0.5509831174323233,0.7084757897833773,-1.9447630903926048,0.37912442650914635,0.7957368893330452,-0.3404792816460767,-0.10208599605264418,1,0,0,0,0,1,0,1,0,0,0,1,0,0,0,0,1,0,0,0,0,0,0,0,0,0,1,0,9279
0.13350899705984703,0.3525982766340707,-0.717589854864101,-0.7109087497863971,-1.003062255558409,0.3179915904114915,-1.2833166918240289,-0.8135028301961398,-0.6235041698070436,0.09382850887845726,0.4559887595944639,-0.9250040452565184,0.1646882923764712,0.8948880234414591,0.9480459346681054,1,0,1,0,0,1,0,1,0,0,0,1,0,0,0,0,1,0,0,0,0,1,0,0,0,0,0,0,5499
0.13350899705984703,0.3525982766340707,-0.717589854864101,-0.7109087497863971,-1.003062255558409,0.3179915904114915,-1.0368826213538904,-0.6364666516502707,-1.2036725888048039,0.7446315121895499,1.972253085902085,-1.3134678453569293,-0.6767098368989608,3.056780807344647,2.5232438307492298,0,0,1,0,0,1,0,1,0,0,0,1,0,0,0,0,1,0,0,0,0,0,0,1,0,0,0,0,7099
0.13350899705984703,0.3525982766340707,-0.717589854864101,-0.7109087497863971,-1.003062255558409,0.3179915904114915,-1.2274839727331381,-0.8135028301961398,-0.6235041698070436,0.09382850887845726,0.4559887595944639,-0.9250040452565184,0.1646882923764712,0.8948880234414591,0.9480459346681054,1,0,1,0,0,1,0,1,0,0,0,1,0,0,0,0,1,0,0,0,0,1,0,0,0,0,0,0,6649
0.13350899705984703,0.15950126850410315,-0.717589854864101,-0.7109087497863971,-1.003062255558409,0.3179915904114915,-1.188978649222179,-0.8135028301961398,-0.6235041698070436,0.09382850887845726,0.4559887595944639,-0.9250040452565184,0.1646882923764712,0.8948880234414591,0.9480459346681054,1,0,0,0,0,1,0,1,0,0,0,1,0,0,0,0,1,0,0,0,0,1,0,0,0,0,0,0,6849
0.13350899705984703,-0.4519725905741273,-0.717589854864101,-0.3127665557852613,-1.003062255558409,-0.09225558412819312,-1.0234057581250549,-0.8135028301961398,-0.6235041698070436,0.09382850887845726,0.4559887595944639,-0.9250040452565184,0.1646882923764712,0.8948880234414591,0.9480459346681054,1,0,0,0,0,0,1,1,0,0,0,1,0,0,0,0,1,0,0,0,0,1,0,0,0,0,0,0,7349
0.13350899705984703,0.3525982766340707,-0.717589854864101,-0.7109087497863971,-1.003062255558409,0.3179915904114915,-1.1639501889400556,-0.8135028301961398,-0.6235041698070436,0.09382850887845726,0.4559887595944639,-0.9250040452565184,0.1646882923764712,0.8948880234414591,0.9480459346681054,1,0,1,0,0,1,0,1,0,0,0,1,0,0,0,0,1,0,0,0,0,1,0,0,0,0,0,0,7299
0.13350899705984703,0.3525982766340707,-0.717589854864101,-0.6865326970924512,-1.003062255558409,-0.17430501903613121,-1.015704693422863,-0.8135028301961398,-0.6235041698070436,0.09382850887845726,0.4559887595944639,-0.9250040452565184,0.1646882923764712,0.8948880234414591,0.9480459346681054,1,0,1,0,1,0,0,1,0,0,0,1,0,0,0,0,1,0,0,0,0,1,0,0,0,0,0,0,7799
0.13350899705984703,0.15950126850410315,-0.717589854864101,-0.7109087497863971,-1.003062255558409,0.3179915904114915,-1.1254448654290965,-0.8135028301961398,-0.6235041698070436,0.09382850887845726,0.4559887595944639,-0.9250040452565184,0.1646882923764712,0.8948880234414591,0.9480459346681054,1,0,0,0,0,1,0,1,0,0,0,1,0,0,0,0,1,0,0,0,0,1,0,0,0,0,0,0,7499
0.13350899705984703,-0.4519725905741273,-0.717589854864101,-0.3127665557852613,-1.003062255558409,-0.09225558412819312,-0.9983772978429314,-0.8135028301961398,-0.6235041698070436,0.09382850887845726,0.4559887595944639,-0.9250040452565184,0.1646882923764712,0.8948880234414591,0.9480459346681054,1,0,0,0,0,0,1,1,0,0,0,1,0,0,0,0,1,0,0,0,0,1,0,0,0,0,0,0,7999
0.9384897146265716,1.6399116641671874,-0.6153442109043171,-0.9465439258278872,-1.003062255558409,-0.17430501903613121,-1.054210016933822,-0.8135028301961398,-0.6235041698070436,0.09382850887845726,0.4559887595944639,-0.9250040452565184,0.1646882923764712,0.8948880234414591,0.9480459346681054,1,0,1,1,0,0,0,1,0,0,0,1,0,0,0,0,1,0,0,0,0,1,0,0,0,0,0,0,8249
-0.6714717205068775,-0.35542408650914353,-0.25748445704506867,-0.052755327049823095,-0.3293462074768145,0.40004102531942964,-0.44582590546066814,-0.13486414577030856,0.029185301565438613,0.7446315121895499,-0.6812094851362531,-0.14807644505569684,0.1646882923764712,0.27720437089769123,0.49798939293064126,1,0,0,0,1,0,0,1,0,0,0,1,0,0,0,0,1,0,0,0,0,1,0,0,0,0,0,0,8949
-0.6714717205068775,-0.35542408650914353,-0.25748445704506867,-0.052755327049823095,-0.3293462074768145,0.40004102531942964,-0.4881817613227232,-0.13486414577030856,0.029185301565438613,0.7446315121895499,-0.6812094851362531,-0.14807644505569684,0.1646882923764712,0.27720437089769123,0.49798939293064126,1,0,0,0,0,1,0,1,0,0,0,1,0,0,0,0,1,0,0,0,0,1,0,0,0,0,0,0,9549
-0.6714717205068775,0.3525982766340707,0.28782564407378436,0.6216487974827147,0.2962472657418051,0.5641398951353029,1.0385543158868056,1.6650036694460264,0.39179056343903984,0.021517064066113614,-0.04943268250807724,1.3780313410530598,0.1646882923764712,-1.2670047604617285,-1.3022367740192151,1,0,0,0,0,1,0,1,0,0,0,0,0,1,0,0,0,1,0,0,0,0,0,0,0,1,0,0,13499
-0.6714717205068775,-0.2910584171324877,0.28782564407378436,0.8572839735242048,0.2962472657418051,0.9743870696749876,1.4255328171719446,1.6650036694460264,0.39179056343903984,0.021517064066113614,-0.04943268250807724,1.3780313410530598,0.1646882923764712,-1.2670047604617285,-1.3022367740192151,1,0,0,0,0,0,1,1,0,0,0,0,0,1,0,0,0,1,0,0,0,0,0,0,0,1,0,0,14399
-0.6714717205068775,-0.2910584171324877,0.28782564407378436,0.8572839735242048,0.2962472657418051,0.5641398951353029,0.9711699997426271,1.6650036694460264,0.39179056343903984,0.021517064066113614,-0.04943268250807724,1.3780313410530598,0.1646882923764712,-0.9581629341898447,-0.852180232281751,1,0,0,0,0,1,0,1,0,0,0,0,0,1,0,0,0,1,0,0,0,0,0,0,0,1,0,0,13499
1.7434704321932961,2.4283911140312213,-1.2628999559829541,-0.27213980129534926,0.9699633138233997,-1.6511948473789937,0.9923479276736545,1.6650036694460264,0.39179056343903984,0.021517064066113614,-0.04943268250807724,1.6000106553961517,0.1646882923764712,-0.9581629341898447,-0.852180232281751,1,0,1,0,1,0,0,0,1,0,0,0,0,1,0,0,0,1,0,0,0,0,0,0,0,1,0,0,17199
1.7434704321932961,2.4283911140312213,-1.2628999559829541,-0.27213980129534926,0.9699633138233997,-1.6511948473789937,1.1232660276109157,1.6650036694460264,0.39179056343903984,0.021517064066113614,-1.5656970088156994,2.2936960127183137,0.1646882923764712,-1.2670047604617285,-1.1522179267733936,1,1,1,0,1,0,0,0,1,0,0,0,0,1,0,0,0,1,0,0,0,0,0,0,0,1,0,0,19699
0.13350899705984703,2.4283911140312213,0.08333435615421417,0.36163756874727887,0.9699633138233997,-1.6511948473789937,1.1232660276109157,1.6650036694460264,0.39179056343903984,0.021517064066113614,-0.04943268250807724,1.6000106553961517,0.1646882923764712,-0.9581629341898447,-0.852180232281751,1,0,1,0,1,0,0,0,1,0,0,0,0,1,0,0,0,1,0,0,0,0,0,0,0,1,0,0,18399
-0.6714717205068775,1.414631821348892,1.565896193571095,1.0279163423818347,1.210576188138254,1.220535374398799,0.8941593527207089,-0.13486414577030856,0.5005721420011194,-0.2677287151832609,-0.8075648456618878,-0.14807644505569684,-0.2560107722612448,-0.9581629341898447,-1.0021990795275724,1,0,0,0,0,1,0,0,1,0,0,1,0,0,0,0,1,0,0,0,0,0,0,0,0,1,0,0,11900
-0.6714717205068775,1.414631821348892,1.565896193571095,1.0279163423818347,1.210576188138254,1.220535374398799,1.234931465792697,0.8093288064743263,1.3708247704977623,0.9254101242204082,1.972253085902085,-0.2035712736414698,-2.043981796971538,0.4316252840336332,0.3479705456848199,0,1,0,0,0,1,0,0,1,0,0,1,0,0,0,0,1,0,0,0,0,0,0,1,0,0,0,0,13200
-0.6714717205068775,-0.548521094639111,2.6394754551488355,2.019209151935689,1.210576188138254,2.041029723478168,1.2984652495857796,-0.13486414577030856,0.5005721420011194,-0.2677287151832609,-0.8075648456618878,-0.14807644505569684,-0.2560107722612448,-0.9581629341898447,-1.0021990795275724,1,0,0,0,0,0,1,0,1,0,0,1,0,0,0,0,1,0,0,0,0,0,0,0,0,1,0,0,12440
-0.6714717205068775,-0.548521094639111,2.6394754551488355,2.019209151935689,1.210576188138254,2.041029723478168,1.6835184846953706,0.8093288064743263,1.3708247704977623,0.9254101242204082,1.972253085902085,-0.2035712736414698,-2.043981796971538,-0.03163745537419274,-0.852180232281751,0,1,0,0,0,0,1,0,1,0,0,1,0,0,0,0,1,0,0,0,0,0,0,1,0,0,0,0,13860
-0.6714717205068775,1.414631821348892,1.565896193571095,1.0279163423818347,1.210576188138254,1.220535374398799,1.0000489923758464,-0.13486414577030856,0.5005721420011194,-2.1839820027103665,-0.8075648456618878,-0.2035712736414698,-0.2560107722612448,-0.9581629341898447,-1.0021990795275724,1,0,0,0,0,1,0,0,1,0,0,1,0,0,0,0,1,0,0,0,0,0,0,0,0,1,0,0,15580
-0.6714717205068775,1.414631821348892,1.565896193571095,1.0279163423818347,1.210576188138254,1.220535374398799,1.3408211054478345,0.8093288064743263,1.3708247704977623,0.9254101242204082,1.972253085902085,-0.2035712736414698,-2.043981796971538,0.4316252840336332,0.3479705456848199,0,1,0,0,0,1,0,0,1,0,0,1,0,0,0,0,1,0,0,0,0,0,0,1,0,0,0,0,16900
-0.6714717205068775,-0.548521094639111,2.6394754551488355,2.019209151935689,1.210576188138254,1.220535374398799,1.404354889240917,-0.13486414577030856,0.5005721420011194,-2.1839820027103665,-0.8075648456618878,-0.2035712736414698,-0.2560107722612448,-0.9581629341898447,-1.0021990795275724,1,0,0,0,0,0,1,0,1,0,0,1,0,0,0,0,1,0,0,0,0,0,0,0,0,1,0,0,16695
-0.6714717205068775,-0.548521094639111,2.6394754551488355,2.019209151935689,1.210576188138254,2.041029723478168,1.7894081243505082,0.8093288064743263,1.3708247704977623,0.9254101242204082,1.972253085902085,-0.2035712736414698,-2.043981796971538,-0.03163745537419274,-0.852180232281751,0,1,0,0,0,0,1,0,1,0,0,1,0,0,0,0,1,0,0,0,0,0,0,1,0,0,0,0,17075
-0.6714717205068775,1.414631821348892,1.565896193571095,1.0279163423818347,1.210576188138254,1.220535374398799,1.0000489923758464,-0.13486414577030856,0.5005721420011194,-0.2677287151832609,-0.8075648456618878,-0.14807644505569684,-0.2560107722612448,-0.9581629341898447,-1.0021990795275724,1,0,0,0,0,1,0,0,1,0,0,1,0,0,0,0,1,0,0,0,0,0,0,0,0,1,0,0,16630
-0.6714717205068775,1.414631821348892,1.565896193571095,1.0279163423818347,1.210576188138254,1.220535374398799,1.3408211054478345,0.8093288064743263,1.3708247704977623,0.9254101242204082,1.972253085902085,-0.2035712736414698,-2.043981796971538,0.4316252840336332,0.3479705456848199,0,1,0,0,0,1,0,0,1,0,0,1,0,0,0,0,1,0,0,0,0,0,0,1,0,0,0,0,17950
-0.6714717205068775,1.414631821348892,1.582937134231058,1.0279163423818347,1.162453613275279,0.9333623522210185,1.1059386320309839,0.2782202708367192,1.0444800348115204,-0.1954172703709173,-2.0711184509182416,1.100557198124195,1.0060864216519032,-1.1125838473257865,-1.0021990795275724,1,1,0,0,0,1,0,0,1,0,0,1,0,0,0,0,1,0,0,0,0,0,0,0,0,1,0,0,18150
0.13350899705984703,0.0629527644391194,-0.8539173801438137,-1.360936821624989,-1.003062255558409,-1.1999229553853428,-1.2274839727331381,-1.0200450384996536,-1.2761936411795243,-0.12310582555857366,0.4559887595944639,-0.9527514595494049,0.7957368893330452,1.821413502257111,1.5481213236513909,1,0,1,0,1,0,0,1,0,0,0,1,0,0,0,0,1,0,0,0,0,1,0,0,0,0,0,0,5572
0.13350899705984703,0.0629527644391194,-0.8539173801438137,-1.360936821624989,-1.003062255558409,-1.1999229553853428,-0.8231780758680675,-0.783996800438495,-1.058630484055365,0.4553857329401754,-1.81840772986697,-0.009339373591264412,0.7957368893330452,-0.18605836851013471,-0.10208599605264418,1,1,1,0,1,0,0,1,0,0,0,1,0,0,0,0,1,0,0,0,0,0,0,0,0,0,1,0,7957
0.13350899705984703,1.1893519785305966,-0.8539173801438137,-1.360936821624989,-1.003062255558409,-1.281972390293278,-1.1331459301312883,-1.0200450384996536,-1.2761936411795243,-0.12310582555857366,0.4559887595944639,-0.9527514595494049,0.7957368893330452,0.8948880234414591,1.0980647819139266,1,0,0,0,1,0,0,1,0,0,0,1,0,0,0,0,1,0,0,0,0,1,0,0,0,0,0,0,6229
0.13350899705984703,1.1893519785305966,-0.8539173801438137,-0.548401731826749,-1.003062255558409,-1.1999229553853428,-1.0907900742692331,-1.0200450384996536,-1.2761936411795243,-0.12310582555857366,0.4559887595944639,-0.9527514595494049,0.7957368893330452,0.8948880234414591,1.0980647819139266,1,0,0,0,0,1,0,1,0,0,0,1,0,0,0,0,1,0,0,0,0,1,0,0,0,0,0,0,6692
0.13350899705984703,1.1893519785305966,-0.8539173801438137,-0.548401731826749,-1.003062255558409,-1.1999229553853428,-0.7018863068085462,-0.783996800438495,-1.2761936411795243,-0.12310582555857366,0.4559887595944639,-0.9527514595494049,0.7957368893330452,0.8948880234414591,1.0980647819139266,1,0,0,0,0,1,0,1,0,0,0,1,0,0,0,0,1,0,0,0,0,1,0,0,0,0,0,0,7609
-1.476452438073602,-1.385274796535637,0.7820129232127431,0.04474888372596479,-0.6180816566546437,2.492301615471819,-0.039594742420049546,-0.07585208625501888,0.10170635394015885,0.7084757897833773,-0.6812094851362531,-0.39780317369167517,-0.2560107722612448,-0.18605836851013471,-0.10208599605264418,1,0,0,0,0,0,1,1,0,0,0,1,0,0,0,0,1,0,0,0,0,1,0,0,0,0,0,0,8921
1.7434704321932961,-0.548521094639111,-0.47901668562460203,-0.06900602884578928,0.20000211601586207,-1.4460712601091512,0.5052555852600219,0.9273529255049056,0.9719589824368002,2.1547046860302483,-2.0711184509182416,1.1837994410028545,-0.2560107722612448,-0.9581629341898447,-1.0021990795275724,1,1,1,0,1,0,0,0,1,0,0,1,0,0,0,0,1,0,0,0,0,0,0,0,0,0,1,0,12764
1.7434704321932961,2.21920268855709,-0.717589854864101,-0.4183961174590311,1.162453613275279,-1.4460712601091512,0.4282449382381036,0.7798227767166813,2.241077398994404,-0.5569744944326355,0.5823441201200986,1.1283046124170815,0.7957368893330452,-0.9581629341898447,-0.5521425377901082,1,0,1,0,1,0,0,0,1,0,0,1,0,0,0,0,1,0,0,0,0,0,0,0,0,1,0,0,22018
1.7434704321932961,-0.548521094639111,-1.5696368878623081,-0.4183961174590311,-0.42559135720275754,-0.8717252157535934,0.38588908237604863,2.0485820562954093,1.5158668752472029,-1.3162446649622428,0.5823441201200986,2.2936960127183137,1.6371350186084772,-1.2670047604617285,-0.852180232281751,1,0,1,1,0,0,0,0,1,1,0,0,1,0,0,0,0,1,0,0,0,0,0,0,0,1,0,0,32528
1.7434704321932961,-0.548521094639111,-1.5696368878623081,-0.4183961174590311,-0.42559135720275754,-0.8717252157535934,0.38588908237604863,2.0485820562954093,1.5158668752472029,-1.3162446649622428,0.5823441201200986,2.2936960127183137,1.6371350186084772,-1.2670047604617285,-0.852180232281751,1,0,1,1,0,0,0,0,1,1,0,0,1,0,0,0,0,1,0,0,0,0,0,0,0,1,0,0,34028
1.7434704321932961,-0.548521094639111,-1.5696368878623081,-0.4183961174590311,-0.42559135720275754,-0.8717252157535934,0.47060079410015865,2.0485820562954093,1.5158668752472029,-1.3162446649622428,0.5823441201200986,2.2936960127183137,1.6371350186084772,-1.2670047604617285,-0.852180232281751,1,0,1,0,0,0,0,0,1,1,0,0,1,0,0,0,0,1,0,0,0,0,0,0,0,1,0,0,37028
0.13350899705984703,-0.548521094639111,-0.05299316912549848,0.13412774360377072,2.5098857094384748,-1.322997107747247,1.5603014494603014,2.3141363241142128,2.241077398994404,-0.5569744944326355,1.2141209227482743,2.2936960127183137,1.3216107201301903,-1.2670047604617285,-0.4021236905442869,1,0,1,0,1,0,0,0,1,0,1,0,0,0,0,0,0,0,0,0,0,0,0,0,0,1,0,0,10295
-0.6714717205068775,-0.548521094639111,-0.4449348043046757,0.6053980956867508,0.2962472657418051,0.6051646125892719,0.0451169693040605,0.21920821132142948,0.5005721420011194,2.1547046860302483,-0.42849876408498366,-1.7851738883359993,-0.6767098368989608,-0.3404792816460767,0.04793285119317718,1,0,0,0,0,0,1,1,0,0,0,1,0,0,0,0,1,0,0,0,0,0,0,0,0,1,0,0,9295
0.9384897146265716,-0.548521094639111,-0.4449348043046757,0.22350660348157897,0.3443698406047732,-1.322997107747247,-0.18398970558614622,0.21920821132142948,0.5005721420011194,2.1547046860302483,-0.42849876408498366,-1.7851738883359993,-0.6767098368989608,-0.3404792816460767,0.04793285119317718,1,0,1,0,1,0,0,1,0,0,0,1,0,0,0,0,1,0,0,0,0,0,0,0,0,1,0,0,9895
1.7434704321932961,1.0606206397772848,0.06629341549424858,1.0197909914838528,0.2962472657418051,0.9743870696749876,0.19721299717234897,-0.1053581160126637,0.7906563515000004,-0.7015973840573227,0.3422689351213924,0.21263994075182746,0.2698630585359002,-0.6493211079179606,-0.4021236905442869,1,0,1,0,1,0,0,1,0,0,0,1,0,0,0,0,1,0,0,0,0,0,0,0,0,1,0,0,11850
0.9384897146265716,-0.41978975588579936,0.06629341549424858,1.0197909914838528,0.2962472657418051,0.9743870696749876,0.2684478456676233,-0.1053581160126637,0.7906563515000004,-0.7015973840573227,0.32963339906882916,0.21263994075182746,0.2698630585359002,-0.6493211079179606,-0.4021236905442869,1,0,0,0,0,1,0,1,0,0,0,1,0,0,0,0,1,0,0,0,0,0,0,0,0,1,0,0,12170
1.7434704321932961,1.0606206397772848,0.06629341549424858,1.0197909914838528,0.2962472657418051,0.9743870696749876,0.2915510397741988,-0.1053581160126637,-2.8353962672360087,-2.1839820027103665,0.32963339906882916,0.21263994075182746,0.2698630585359002,-0.6493211079179606,-0.4021236905442869,1,0,1,0,1,0,0,1,0,0,0,1,0,0,0,0,1,0,0,0,0,0,0,0,0,1,0,0,15040
0.9384897146265716,-0.41978975588579936,0.06629341549424858,1.0197909914838528,0.2962472657418051,0.9743870696749876,0.3897396147271445,-0.1053581160126637,0.7906563515000004,-0.7015973840573227,0.32963339906882916,0.21263994075182746,0.2698630585359002,-0.6493211079179606,-0.4021236905442869,1,0,0,0,0,1,0,1,0,0,0,1,0,0,0,0,1,0,0,0,0,0,0,0,0,1,0,0,15510
1.7434704321932961,1.0606206397772848,0.06629341549424858,1.0197909914838528,0.2962472657418051,0.9743870696749876,0.48600292350454233,-0.1053581160126637,0.7906563515000004,-0.7015973840573227,-0.04943268250807724,1.6000106553961517,0.7957368893330452,-0.9581629341898447,-0.7021613850359296,1,1,1,0,1,0,0,1,0,0,0,0,0,0,0,0,1,0,0,0,0,0,0,0,0,1,0,0,18150
0.9384897146265716,-0.41978975588579936,0.06629341549424858,1.0197909914838528,0.2962472657418051,0.9743870696749876,0.5610883043509126,-0.1053581160126637,0.7906563515000004,-0.7015973840573227,-0.04943268250807724,1.6000106553961517,0.7957368893330452,-0.9581629341898447,-0.7021613850359296,1,1,0,0,0,1,0,1,0,0,0,0,0,0,0,0,1,0,0,0,0,0,0,0,0,1,0,0,18620
0.9384897146265716,-1.0956292843406856,-0.8539173801438137,-1.393438225216919,-1.1955525550102917,-0.010206149220255032,-0.9733488375608079,-0.8135028301961398,1.0807405609988814,-2.1839820027103665,-0.04943268250807724,-0.9250040452565184,-0.46636030458010286,0.8948880234414591,0.798027087422284,1,0,1,0,1,0,0,1,0,0,0,0,1,0,0,0,1,0,0,0,0,1,0,0,0,0,0,0,5118
0.9384897146265716,-1.0956292843406856,-0.8539173801438137,-1.3121847162370952,-1.0993074052843488,-0.010206149220255032,-0.838580205272451,-0.4889365028620466,1.0807405609988814,-2.1839820027103665,-0.42849876408498366,-0.8140143880849725,-1.5181079661743928,0.12278345776174923,0.04793285119317718,1,0,1,0,1,0,0,1,0,0,0,0,1,0,0,0,1,0,0,0,0,1,0,0,0,0,0,0,7053
0.9384897146265716,-1.0956292843406856,-0.9220811427836711,-1.360936821624989,-1.003062255558409,0.8102881998591143,-0.6075482642066964,-0.4889365028620466,1.0807405609988814,-2.1839820027103665,-0.42849876408498366,-0.8140143880849725,-1.5181079661743928,0.12278345776174923,0.04793285119317718,1,0,1,0,1,0,0,0,0,0,0,0,1,0,0,0,1,0,0,0,0,1,0,0,0,0,0,0,7603
-0.6714717205068775,-0.4841554252624552,-0.25748445704506867,-0.16651023962157716,-0.23310105775087145,-0.5025027586678777,-0.7904485508837522,-0.4889365028620466,1.0807405609988814,-2.1839820027103665,0.5823441201200986,-0.5642876594489941,-0.6767098368989608,1.049308936577401,0.9480459346681054,1,0,0,0,0,1,0,1,0,0,0,0,1,0,0,0,1,0,0,0,0,1,0,0,0,0,0,0,7126
-0.6714717205068775,-0.4841554252624552,-0.25748445704506867,-0.16651023962157716,-0.23310105775087145,-0.5025027586678777,-0.7038115729840941,-0.4889365028620466,1.0807405609988814,-2.1839820027103665,0.5823441201200986,-0.5642876594489941,-1.5181079661743928,0.4316252840336332,0.3479705456848199,1,0,0,0,0,1,0,1,0,0,0,0,1,0,0,0,1,0,0,0,0,1,0,0,0,0,0,0,7775
-0.6714717205068775,-0.4841554252624552,-0.25748445704506867,-0.16651023962157716,-0.23310105775087145,-0.5025027586678777,-0.4150216466519009,-0.4889365028620466,1.0807405609988814,-2.1839820027103665,-0.04943268250807724,-0.23131868793435628,0.1646882923764712,0.12278345776174923,0.19795169843899854,1,0,0,0,0,1,0,1,0,0,0,0,1,0,0,0,1,0,0,0,0,0,0,0,0,1,0,0,9960
-0.6714717205068775,-0.4841554252624552,-0.29156633836499746,-0.16651023962157716,-0.23310105775087145,0.23594215550355344,-0.32838466875224287,-0.4889365028620466,1.0807405609988814,-2.1839820027103665,-0.04943268250807724,-0.5642876594489941,-0.6767098368989608,-0.18605836851013471,-0.852180232281751,1,0,0,0,0,1,0,0,0,0,0,0,1,0,0,0,1,0,0,0,0,1,0,0,0,0,0,0,9233
-0.6714717205068775,-0.4841554252624552,-0.29156633836499746,-0.16651023962157716,-0.23310105775087145,0.23594215550355344,-0.08772639680874843,-0.4889365028620466,1.0807405609988814,-2.1839820027103665,-1.6920523693413343,0.24038735504471395,-0.6767098368989608,-0.18605836851013471,-0.25210484329846555,1,1,0,0,0,1,0,0,0,0,0,0,1,0,0,0,1,0,0,0,0,0,0,0,0,1,0,0,11259
-0.6714717205068775,-0.9025322762107182,-0.29156633836499746,-0.04462997615184115,-0.23310105775087145,-0.29737917139803544,-0.5112849554292986,-0.4889365028620466,1.0807405609988814,-2.1839820027103665,-0.04943268250807724,-0.5642876594489941,-0.6767098368989608,0.4316252840336332,0.19795169843899854,1,0,0,0,0,0,1,1,0,0,0,0,1,0,0,0,1,0,0,0,0,1,0,0,0,0,0,0,7463
-0.6714717205068775,-0.9025322762107182,-0.29156633836499746,-0.04462997615184115,-0.23310105775087145,-0.29737917139803544,-0.19361603646388598,-0.4889365028620466,1.0807405609988814,-2.1839820027103665,-0.04943268250807724,-0.23131868793435628,0.1646882923764712,-0.03163745537419274,0.04793285119317718,1,0,0,0,0,0,1,1,0,0,0,0,1,0,0,0,1,0,0,0,0,0,0,0,0,1,0,0,10198
-0.6714717205068775,-1.0312636149640297,-0.3086072790249606,-0.03650462525385922,-0.23310105775087145,0.4820904602273648,-0.2610003526080644,-0.4889365028620466,1.0807405609988814,-2.1839820027103665,-0.04943268250807724,-0.5642876594489941,-0.6767098368989608,-0.3404792816460767,-0.25210484329846555,1,0,0,0,0,0,1,0,0,0,0,0,1,0,0,0,1,0,0,0,0,1,0,0,0,0,0,0,8013
-0.6714717205068775,-1.0312636149640297,-0.3086072790249606,-0.03650462525385922,-0.23310105775087145,0.4820904602273648,0.18181086776796535,-0.4889365028620466,1.0807405609988814,-2.1839820027103665,-1.6920523693413343,0.24038735504471395,-0.6767098368989608,-0.3404792816460767,-1.1522179267733936,1,1,0,0,0,0,1,0,0,0,0,0,1,0,0,0,1,0,0,0,0,0,0,0,0,1,0,0,11694
0.13350899705984703,-0.966897945587374,-0.5130985669445308,-1.2471819090532372,-1.0993074052843488,0.3179915904114915,-1.0984911389714251,-0.9610329789843639,-0.9861094316806448,-0.84622027368201,-0.04943268250807724,-1.1192359453067238,-0.6767098368989608,1.512571675985227,1.2480836291597481,1,0,1,0,1,0,0,1,0,0,0,1,0,0,0,0,1,0,0,0,0,1,0,0,0,0,0,0,5348
0.13350899705984703,-0.966897945587374,-0.5130985669445308,-1.2471819090532372,-1.0993074052843488,0.3179915904114915,-0.9926014993162875,-0.9610329789843639,-0.9861094316806448,-0.84622027368201,-0.04943268250807724,-1.1192359453067238,-0.6767098368989608,0.8948880234414591,1.0980647819139266,1,0,1,0,1,0,0,1,0,0,0,1,0,0,0,0,1,0,0,0,0,1,0,0,0,0,0,0,6338
0.13350899705984703,-1.385274796535637,-0.5130985669445308,-1.2471819090532372,-1.0993074052843488,0.3179915904114915,-1.0407331537049864,-0.9610329789843639,-0.9861094316806448,-0.84622027368201,-0.04943268250807724,-1.1192359453067238,-0.6767098368989608,0.8948880234414591,1.0980647819139266,1,0,0,0,1,0,0,1,0,0,0,1,0,0,0,0,1,0,0,0,0,1,0,0,0,0,0,0,6488
-0.6714717205068775,-1.2887262924706533,-0.5130985669445308,-0.3533933102751733,-1.0993074052843488,2.2051285932940417,-0.5305376171847782,-0.9610329789843639,-0.9861094316806448,-0.84622027368201,-0.04943268250807724,-1.1192359453067238,-0.6767098368989608,0.8948880234414591,0.9480459346681054,1,0,0,0,0,0,1,1,0,0,0,1,0,0,0,0,1,0,0,0,0,1,0,0,0,0,0,0,6918
-0.6714717205068775,-1.1599949537173415,-0.5130985669445308,-0.3533933102751733,-1.0993074052843488,2.2051285932940417,-0.5112849554292986,-0.9610329789843639,-0.9861094316806448,-0.84622027368201,-0.04943268250807724,-1.1192359453067238,-0.6767098368989608,0.27720437089769123,0.19795169843899854,1,0,0,0,0,0,1,0,0,0,0,1,0,0,0,0,1,0,0,0,0,1,0,0,0,0,0,0,7898
-0.6714717205068775,-0.8381666068340623,-0.5130985669445308,-0.3533933102751733,-1.0993074052843488,2.2051285932940417,1.067433308520025,-0.9610329789843639,-0.9861094316806448,-0.84622027368201,-0.04943268250807724,-1.1192359453067238,-0.6767098368989608,0.27720437089769123,0.19795169843899854,1,0,0,0,0,0,1,0,0,0,0,1,0,0,0,0,1,0,0,0,0,1,0,0,0,0,0,0,8778
-0.6714717205068775,-0.8381666068340623,-0.5130985669445308,-0.6296552408065731,-0.7143268063805799,-0.29737917139803544,-0.9136655861188213,-0.783996800438495,-0.47846206505760314,-0.84622027368201,-0.04943268250807724,-0.897256630963632,-0.6767098368989608,0.7404671103055172,0.9480459346681054,1,0,0,0,0,1,0,1,0,0,0,1,0,0,0,0,1,0,0,0,0,1,0,0,0,0,0,0,6938
-0.6714717205068775,-0.8381666068340623,-0.5130985669445308,-0.6296552408065731,-0.7143268063805799,-0.3794286063059735,-0.8597581332034786,-0.783996800438495,-0.47846206505760314,-0.84622027368201,-0.04943268250807724,-0.897256630963632,-0.6767098368989608,0.7404671103055172,0.9480459346681054,1,0,0,0,1,0,0,1,0,0,0,1,0,0,0,0,1,0,0,0,0,1,0,0,0,0,0,0,7198
-0.6714717205068775,-0.8381666068340623,-0.5130985669445308,-0.6296552408065731,-0.7143268063805799,-0.29737917139803544,-0.540163948062518,-0.4299244433467569,-0.18837785555872213,0.31076284331548815,1.972253085902085,-1.2857204310640427,-1.3077584338555348,1.358150762849285,0.798027087422284,0,0,0,0,0,1,0,1,0,0,0,1,0,0,0,0,1,0,0,0,0,0,0,1,0,0,0,0,7898
-0.6714717205068775,-0.8381666068340623,-0.5130985669445308,-0.6296552408065731,-0.7143268063805799,-0.3794286063059735,-0.540163948062518,-0.4299244433467569,-0.18837785555872213,0.31076284331548815,1.972253085902085,-1.2857204310640427,-1.3077584338555348,1.975834415393053,2.448234407126319,0,0,0,0,1,0,0,1,0,0,0,1,0,0,0,0,1,0,0,0,0,0,0,1,0,0,0,0,7788
-0.6714717205068775,-0.8381666068340623,-0.5130985669445308,-0.6296552408065731,-0.7143268063805799,-0.29737917139803544,-0.888637125836698,-0.783996800438495,-0.47846206505760314,-0.84622027368201,-0.04943268250807724,-0.897256630963632,-0.6767098368989608,1.975834415393053,2.448234407126319,1,0,0,0,0,1,0,1,0,0,0,1,0,0,0,0,1,0,0,0,0,1,0,0,0,0,0,0,7738
-0.6714717205068775,-0.8381666068340623,-0.5130985669445308,-0.6296552408065731,-0.7143268063805799,-0.3794286063059735,-0.8347296729213551,-0.783996800438495,-0.47846206505760314,-0.84622027368201,-0.04943268250807724,-0.897256630963632,-0.6767098368989608,0.4316252840336332,0.49798939293064126,1,0,0,0,1,0,0,1,0,0,0,1,0,0,0,0,1,0,0,0,0,1,0,0,0,0,0,0,8358
-0.6714717205068775,-0.8381666068340623,-0.5130985669445308,-0.6296552408065731,-0.7143268063805799,-0.3794286063059735,-0.800074881761492,-0.783996800438495,-0.47846206505760314,-0.84622027368201,-0.04943268250807724,-0.897256630963632,-0.6767098368989608,0.4316252840336332,0.49798939293064126,1,0,0,0,0,1,0,1,0,0,0,1,0,0,0,0,1,0,0,0,0,1,0,0,0,0,0,0,9258
0.13350899705984703,1.6399116641671874,-0.717589854864101,-0.4346468192549973,-0.906817105832466,-0.46147804121390873,-0.7442421626706013,-0.783996800438495,-0.47846206505760314,-0.84622027368201,-0.04943268250807724,-0.897256630963632,-0.6767098368989608,0.5860461971695752,0.49798939293064126,1,0,1,0,0,1,0,0,1,0,0,1,0,0,0,0,1,0,0,0,0,1,0,0,0,0,0,0,8058
0.13350899705984703,1.6399116641671874,-0.717589854864101,-0.4346468192549973,-0.906817105832466,-0.46147804121390873,-0.6768578465264228,-0.783996800438495,-0.47846206505760314,-0.84622027368201,-0.04943268250807724,-0.897256630963632,-0.6767098368989608,0.5860461971695752,0.49798939293064126,1,0,1,0,1,0,0,0,1,0,0,1,0,0,0,0,1,0,0,0,0,1,0,0,0,0,0,0,8238
0.13350899705984703,1.6399116641671874,-0.717589854864101,-0.4346468192549973,-0.906817105832466,-0.46147804121390873,-0.5594166098179976,-0.783996800438495,-0.2971594341208017,-0.6654416616511502,0.4559887595944639,0.26813476933760044,3.0044069786810543,0.12278345776174923,-0.25210484329846555,1,0,1,0,0,1,0,0,1,0,0,0,0,0,0,0,1,0,0,0,0,0,0,0,0,1,0,0,9298
0.13350899705984703,1.6399116641671874,-0.717589854864101,-0.4346468192549973,-0.906817105832466,-0.46147804121390873,-0.49203229367381907,-0.783996800438495,-0.2971594341208017,-0.6654416616511502,0.4559887595944639,0.26813476933760044,3.0044069786810543,0.12278345776174923,-0.25210484329846555,1,0,1,0,1,0,0,0,1,0,0,0,0,0,0,0,1,0,0,0,0,0,0,0,0,1,0,0,9538
0.9384897146265716,0.5456952847640382,-0.05299316912549848,0.17475449809368274,-0.13685590802493522,-0.7076263459377201,-0.029968411542309767,0.6322926279284572,1.0807405609988814,0.8530986794080646,0.32963339906882916,0.37912442650914635,-0.6767098368989608,-0.18605836851013471,-0.10208599605264418,1,0,1,1,0,0,0,0,1,0,0,1,0,0,0,0,1,0,0,0,0,0,0,0,0,1,0,0,8449
0.9384897146265716,0.5456952847640382,-0.05299316912549848,0.17475449809368274,-0.13685590802493522,-0.7076263459377201,-0.037669476244501586,0.6322926279284572,1.0807405609988814,0.8530986794080646,0.32963339906882916,0.37912442650914635,-0.6767098368989608,-0.18605836851013471,-0.10208599605264418,1,0,1,1,0,0,0,0,1,0,0,1,0,0,0,0,1,0,0,0,0,0,0,0,0,1,0,0,9639
0.9384897146265716,0.5456952847640382,-0.05299316912549848,0.17475449809368274,-0.13685590802493522,-0.7076263459377201,-0.008790483611282257,0.6322926279284572,1.0807405609988814,0.8530986794080646,0.32963339906882916,0.37912442650914635,-0.6767098368989608,-0.18605836851013471,-0.10208599605264418,1,0,1,0,1,0,0,0,1,0,0,1,0,0,0,0,1,0,0,0,0,0,0,0,0,1,0,0,9989
0.9384897146265716,0.5456952847640382,-0.05299316912549848,0.17475449809368274,-0.13685590802493522,-0.7076263459377201,0.23764358685885603,0.6322926279284572,1.0807405609988814,0.8530986794080646,0.32963339906882916,0.37912442650914635,-0.6767098368989608,-0.18605836851013471,-0.10208599605264418,1,0,1,1,0,0,0,0,1,0,0,1,0,0,0,0,1,0,0,0,0,0,0,0,0,1,0,0,11199
0.9384897146265716,0.5456952847640382,-0.05299316912549848,0.17475449809368274,-0.13685590802493522,-0.7076263459377201,0.3050279030030345,0.6322926279284572,1.0807405609988814,0.8530986794080646,0.32963339906882916,0.37912442650914635,-0.6767098368989608,-0.18605836851013471,-0.10208599605264418,1,0,1,0,1,0,0,0,1,0,0,1,0,0,0,0,1,0,0,0,0,0,0,0,0,1,0,0,11549
0.9384897146265716,0.5456952847640382,-0.05299316912549848,0.17475449809368274,-0.13685590802493522,-0.29737917139803544,0.8075223748210508,0.6322926279284572,1.0807405609988814,0.8530986794080646,0.32963339906882916,0.37912442650914635,-0.6767098368989608,-0.18605836851013471,-0.10208599605264418,1,0,1,0,0,0,0,0,1,0,0,1,0,0,0,0,1,0,0,0,0,0,0,0,0,1,0,0,17669
-1.476452438073602,-1.6749203087305882,0.6286444572730672,0.12600239270578878,0.2962472657418051,0.4820904602273648,-0.44197537310957224,-0.07585208625501888,-0.043335750809281634,0.9977215690327519,-0.42849876408498366,-0.28681351652012926,-1.938807030812109,0.5860461971695752,0.49798939293064126,1,0,0,0,0,1,0,1,0,0,0,1,0,0,0,0,1,0,0,0,0,0,0,0,0,1,0,0,8948
-1.476452438073602,-1.6749203087305882,0.6286444572730672,0.12600239270578878,0.2962472657418051,0.4820904602273648,-0.1454843820751871,-0.4299244433467569,-0.18837785555872213,0.31076284331548815,1.972253085902085,-0.8140143880849725,-1.3077584338555348,0.7404671103055172,0.3479705456848199,0,1,0,0,0,1,0,1,0,0,0,1,0,0,0,0,1,0,0,0,0,0,0,1,0,0,0,0,10698
-1.476452438073602,-1.6749203087305882,0.6286444572730672,0.12600239270578878,0.2962472657418051,0.07184328568768016,-0.27255194966135216,-0.07585208625501888,-0.043335750809281634,0.9977215690327519,-0.42849876408498366,-0.28681351652012926,-1.938807030812109,0.27720437089769123,0.19795169843899854,1,0,0,0,1,0,0,1,0,0,0,1,0,0,0,0,1,0,0,0,0,0,0,0,0,1,0,0,9988
-1.476452438073602,-1.6749203087305882,0.6286444572730672,0.12600239270578878,0.2962472657418051,0.4820904602273648,-0.27255194966135216,-0.07585208625501888,-0.043335750809281634,0.9977215690327519,-0.42849876408498366,-0.28681351652012926,-1.938807030812109,0.27720437089769123,0.19795169843899854,1,0,0,0,0,1,0,1,0,0,0,1,0,0,0,0,1,0,0,0,0,0,0,0,0,1,0,0,10898
-1.476452438073602,-1.6749203087305882,0.6286444572730672,0.12600239270578878,0.2962472657418051,0.07184328568768016,-0.1878402379372421,-0.07585208625501888,-0.043335750809281634,0.9977215690327519,-0.42849876408498366,-0.28681351652012926,-1.938807030812109,0.27720437089769123,0.19795169843899854,1,0,0,0,1,0,0,1,0,0,0,1,0,0,0,0,1,0,0,0,0,0,0,0,0,1,0,0,11248
1.7434704321932961,2.4283911140312213,0.7138491605728879,0.7679051136463989,0.8737181640974566,-0.7076263459377201,0.8094476409965988,1.3699433718695782,-0.18837785555872213,0.31076284331548815,0.32963339906882916,1.6277580696890381,0.1646882923764712,-0.8037420210539027,-1.0021990795275724,1,0,1,0,1,0,0,0,1,0,0,0,0,0,0,0,0,1,0,0,0,0,0,0,0,1,0,0,16558
1.7434704321932961,2.4283911140312213,0.7138491605728879,0.7679051136463989,0.8737181640974566,-0.7076263459377201,0.886458288018517,1.3699433718695782,-0.18837785555872213,0.31076284331548815,0.32963339906882916,1.6277580696890381,0.1646882923764712,-0.9581629341898447,-1.0021990795275724,1,0,1,0,1,0,0,0,1,0,0,0,0,0,0,0,0,1,0,0,0,0,0,0,0,1,0,0,15998
-1.476452438073602,-0.8703494415223902,0.9865042111323132,1.117295202259643,0.2962472657418051,0.15389272059561823,1.1078638982065319,1.3699433718695782,-0.18837785555872213,0.31076284331548815,0.2032780385431922,1.4890209982246057,0.1646882923764712,-0.8037420210539027,-1.0021990795275724,1,0,0,0,0,1,0,0,1,0,0,0,0,0,0,0,0,1,0,0,0,0,0,0,0,1,0,0,15690
-1.476452438073602,-0.548521094639111,0.9865042111323132,1.117295202259643,0.2962472657418051,0.15389272059561823,1.146369221717491,1.0748830742931297,-0.18837785555872213,0.31076284331548815,0.2032780385431922,1.4890209982246057,0.1646882923764712,-0.9581629341898447,-1.0021990795275724,1,0,0,0,0,0,1,0,1,0,0,0,0,0,0,0,0,1,0,0,0,0,0,0,0,1,0,0,15750
0.9384897146265716,0.15950126850410315,-0.2404435163851055,-0.19088629231552529,-0.18497848288790333,0.8102881998591143,-0.5671176745201894,-0.8135028301961398,-1.1311515364300853,0.49154145534634647,1.972253085902085,-1.3967100882355887,-0.6767098368989608,1.821413502257111,2.298215559880498,0,0,1,0,0,1,0,1,0,0,0,1,0,0,0,0,1,0,0,0,0,0,0,1,0,0,0,0,7775
0.9384897146265716,0.15950126850410315,-0.2404435163851055,-0.19088629231552529,-0.18497848288790333,0.8102881998591143,-0.667231515648683,-0.45943047310440177,-0.47846206505760314,0.49154145534634647,-0.04943268250807724,-0.48104541657033467,0.2698630585359002,0.27720437089769123,0.49798939293064126,1,0,1,0,0,1,0,1,0,0,0,1,0,0,0,0,1,0,0,0,0,0,0,0,0,1,0,0,7975
0.9384897146265716,-0.7416181027690786,-0.2404435163851055,-0.19088629231552529,-0.18497848288790333,0.8102881998591143,-0.5613418759935455,-0.8135028301961398,-1.1311515364300853,0.49154145534634647,1.972253085902085,-1.3967100882355887,-0.6767098368989608,1.821413502257111,2.298215559880498,0,0,0,0,0,1,0,1,0,0,0,1,0,0,0,0,1,0,0,0,0,0,0,1,0,0,0,0,7995
0.9384897146265716,-0.7416181027690786,-0.2404435163851055,-0.19088629231552529,-0.18497848288790333,0.8102881998591143,-0.6614557171220392,-0.45943047310440177,-0.47846206505760314,0.49154145534634647,-0.04943268250807724,-0.48104541657033467,0.2698630585359002,0.27720437089769123,0.49798939293064126,1,0,0,0,0,1,0,1,0,0,0,1,0,0,0,0,1,0,0,0,0,0,0,0,0,1,0,0,8195
0.9384897146265716,-0.7416181027690786,-0.2404435163851055,-0.19088629231552529,-0.18497848288790333,0.8102881998591143,-0.540163948062518,-0.45943047310440177,-0.47846206505760314,0.49154145534634647,-0.04943268250807724,-0.48104541657033467,0.2698630585359002,0.27720437089769123,0.49798939293064126,1,0,0,0,0,1,0,1,0,0,0,1,0,0,0,0,1,0,0,0,0,0,0,0,0,1,0,0,8495
0.9384897146265716,-0.7416181027690786,-0.2404435163851055,-0.19088629231552529,-0.18497848288790333,0.8102881998591143,-0.4554522363384079,-0.8135028301961398,-1.1311515364300853,0.49154145534634647,1.972253085902085,-0.9527514595494049,-1.3077584338555348,1.821413502257111,1.6981401708972121,0,1,0,0,0,1,0,1,0,0,0,1,0,0,0,0,1,0,0,0,0,0,0,1,0,0,0,0,9495
0.9384897146265716,-0.7416181027690786,-0.2404435163851055,-0.19088629231552529,-0.18497848288790333,0.8102881998591143,-0.49203229367381907,-0.45943047310440177,-0.47846206505760314,0.49154145534634647,1.2141209227482743,-0.06483420217703738,0.7957368893330452,0.12278345776174923,0.19795169843899854,1,0,0,0,0,1,0,1,0,0,0,1,0,0,0,0,1,0,0,0,0,0,0,0,0,1,0,0,9995
1.7434704321932961,-0.548521094639111,-0.717589854864101,-1.1984298036653411,-0.810571956106523,0.7692634824051452,-0.580594537749025,-0.45943047310440177,-0.47846206505760314,0.49154145534634647,-0.6812094851362531,-0.34230834510590225,0.7957368893330452,-0.18605836851013471,-0.25210484329846555,1,0,1,0,0,0,0,1,0,0,0,1,0,0,0,0,1,0,0,0,0,0,0,0,0,1,0,0,11595
1.7434704321932961,2.4283911140312213,-0.717589854864101,-0.6784073461944693,-0.906817105832466,-0.9537746506615314,-0.6441283215421075,-0.45943047310440177,-0.47846206505760314,0.49154145534634647,-0.6812094851362531,-0.34230834510590225,0.7957368893330452,-0.18605836851013471,-0.25210484329846555,1,0,1,0,1,0,0,1,0,0,0,1,0,0,0,0,1,0,0,0,0,0,0,0,0,1,0,0,9980
-0.6714717205068775,-0.548521094639111,0.28782564407378436,0.49976853401297877,0.4887375651936912,0.5641398951353029,0.20298879569899284,0.33723233035200884,-0.47846206505760314,0.49154145534634647,-0.6812094851362531,0.21263994075182746,0.7957368893330452,-0.9581629341898447,-1.0021990795275724,1,0,0,0,0,1,0,1,0,0,0,1,0,0,0,1,0,0,0,0,0,0,0,0,0,1,0,0,13295
-0.6714717205068775,-0.548521094639111,0.28782564407378436,0.49976853401297877,0.4887375651936912,0.5641398951353029,0.0451169693040605,-0.8135028301961398,-1.1311515364300853,0.49154145534634647,1.972253085902085,-0.9527514595494049,-1.3077584338555348,1.203729849713343,1.0980647819139266,0,1,0,0,0,1,0,1,0,0,0,1,0,0,0,0,1,0,0,0,0,0,0,1,0,0,0,0,13845
-0.6714717205068775,-0.548521094639111,0.28782564407378436,0.7354037100544688,0.4887375651936912,0.5641398951353029,0.014312710495293209,-0.45943047310440177,-0.47846206505760314,0.49154145534634647,-0.04943268250807724,-0.39780317369167517,0.7957368893330452,-0.03163745537419274,0.04793285119317718,1,0,0,0,0,0,1,1,0,0,0,1,0,0,0,0,1,0,0,0,0,0,0,0,0,1,0,0,12290
-2.2814331556403267,-0.4519725905741273,0.9524223298123844,1.198548711239467,0.6331052897826024,1.0154117871289565,0.6862306057615297,0.484762479140233,1.6609089799966417,-0.4123516048079482,0.5823441201200986,0.3236295979233734,0.5853873570141872,-0.3404792816460767,-0.4021236905442869,1,0,0,0,0,1,0,0,1,0,0,1,0,0,0,0,1,0,0,0,0,0,0,0,0,1,0,0,12940
-1.476452438073602,-1.385274796535637,0.9524223298123844,1.198548711239467,0.6331052897826024,1.5487331140305454,0.9211130791783803,0.484762479140233,1.6609089799966417,-0.4123516048079482,0.5823441201200986,0.3236295979233734,0.5853873570141872,-0.3404792816460767,-0.4021236905442869,1,0,0,0,0,0,1,0,1,0,0,1,0,0,0,0,1,0,0,0,0,0,0,0,0,1,0,0,13415
-2.2814331556403267,-0.4519725905741273,0.9524223298123844,1.198548711239467,0.6331052897826024,1.0154117871289565,0.7305117277991326,0.484762479140233,1.6609089799966417,-0.4123516048079482,0.5823441201200986,0.3236295979233734,0.5853873570141872,-0.18605836851013471,-0.4021236905442869,1,0,0,0,0,1,0,0,1,0,0,1,0,0,0,0,1,0,0,0,0,0,0,0,0,1,0,0,15985
-1.476452438073602,-1.385274796535637,0.9524223298123844,1.198548711239467,0.6331052897826024,1.5487331140305454,0.9365152085827639,0.484762479140233,1.6609089799966417,-0.4123516048079482,0.5823441201200986,0.3236295979233734,0.5853873570141872,-0.18605836851013471,-0.4021236905442869,1,0,0,0,0,0,1,0,1,0,0,1,0,0,0,0,1,0,0,0,0,0,0,0,0,1,0,0,16515
-2.2814331556403267,-0.4519725905741273,0.9524223298123844,1.198548711239467,0.6331052897826024,1.0154117871289565,0.9422910071094077,0.1601961518061398,1.0807405609988814,-0.4123516048079482,-1.9447630903926048,1.6555054839819248,-0.045661239942386814,-1.2670047604617285,-1.3022367740192151,1,1,0,0,0,1,0,0,1,0,0,1,0,0,0,0,1,0,0,0,0,0,0,0,0,1,0,0,18420
-1.476452438073602,-1.385274796535637,0.9524223298123844,1.198548711239467,0.6331052897826024,1.5487331140305454,1.1579208187707788,0.1601961518061398,1.0807405609988814,-0.4123516048079482,-1.9447630903926048,1.6555054839819248,-0.045661239942386814,-1.2670047604617285,-1.3022367740192151,1,1,0,0,0,0,1,0,1,0,0,1,0,0,0,0,1,0,0,0,0,0,0,0,0,1,0,0,18950
-1.476452438073602,-0.7094352680807506,1.7703874814906628,1.198548711239467,1.451189062453108,0.7282387649511761,0.7632412527834479,0.484762479140233,1.6609089799966417,-0.4123516048079482,0.5823441201200986,0.3236295979233734,0.5853873570141872,-0.3404792816460767,-0.4021236905442869,1,0,0,0,0,1,0,0,1,0,0,1,0,0,0,0,1,0,0,0,0,0,0,0,0,1,0,0,16845
-1.476452438073602,-0.7094352680807506,1.7703874814906628,1.198548711239467,1.4030664875901333,0.7282387649511761,0.9499920718115996,0.484762479140233,1.6609089799966417,-0.4123516048079482,-0.42849876408498366,1.6000106553961517,0.3750378246953292,-0.9581629341898447,-0.852180232281751,1,1,0,0,0,1,0,0,1,0,0,1,0,0,0,0,1,0,0,0,0,0,0,0,0,1,0,0,19045
-1.476452438073602,-0.7094352680807506,1.7703874814906628,1.198548711239467,1.451189062453108,0.7282387649511761,0.8787572233163252,1.4289554313848678,0.9356984562494409,-1.4247118321807575,-0.30214340355934666,0.8785778837811031,0.7957368893330452,-1.1125838473257865,-1.1522179267733936,1,0,0,0,0,1,0,0,1,0,0,0,0,1,0,0,0,1,0,0,0,0,0,0,0,1,0,0,21485
-1.476452438073602,-0.7094352680807506,1.7703874814906628,1.198548711239467,1.451189062453108,0.7282387649511761,1.273436789303656,0.6027865981708124,-1.1311515364300853,0.49154145534634647,1.972253085902085,0.10165028358028153,-0.6767098368989608,0.12278345776174923,-0.5521425377901082,0,1,0,0,0,1,0,0,1,0,0,1,0,0,0,0,0,1,0,0,0,0,0,1,0,0,0,0,22470
-1.476452438073602,-0.7094352680807506,1.7703874814906628,1.198548711239467,1.451189062453108,0.7282387649511761,0.975020532093723,0.484762479140233,1.6609089799966417,-0.4123516048079482,0.5823441201200986,0.3236295979233734,0.5853873570141872,-0.9581629341898447,-0.852180232281751,1,1,0,0,0,1,0,0,1,0,0,1,0,0,0,0,1,0,0,0,0,0,0,0,0,1,0,0,22625
